REM INSERTING into EMSARCH.AC_PRIVILEGES
SET DEFINE OFF;
insert into EMSARCH.AC_PRIVILEGES (ID,CODE,NAME) values (1,'0001','Uruchomienie modułu');
insert into EMSARCH.AC_PRIVILEGES (ID,CODE,NAME) values (2,'1011','Odczyt wniosków w ramach jednostki organizacyjnej');
insert into EMSARCH.AC_PRIVILEGES (ID,CODE,NAME) values (3,'2011','Modyfikacja wniosków w ramach jednostki organizacyjnej');
insert into EMSARCH.AC_PRIVILEGES (ID,CODE,NAME) values (4,'3011','Usuwanie wniosków w ramach jednostki organizacyjnej');
insert into EMSARCH.AC_PRIVILEGES (ID,CODE,NAME) values (5,'4011','Wysłanie wniosku');
insert into EMSARCH.AC_PRIVILEGES (ID,CODE,NAME) values (6,'5011','Wycofanie wysłanego wniosku');
insert into EMSARCH.AC_PRIVILEGES (ID,CODE,NAME) values (7,'1014','Odczyt słownika rodzajów kosztów');
insert into EMSARCH.AC_PRIVILEGES (ID,CODE,NAME) values (8,'2014','Modyfikacja rodzaju kosztu');
insert into EMSARCH.AC_PRIVILEGES (ID,CODE,NAME) values (9,'3014','Usuwanie rodzaju kosztu');
insert into EMSARCH.AC_PRIVILEGES (ID,CODE,NAME) values (10,'1022','Odczyt planów koordynatora');
insert into EMSARCH.AC_PRIVILEGES (ID,CODE,NAME) values (11,'2022','Modyfikacja planów koordynatora');
insert into EMSARCH.AC_PRIVILEGES (ID,CODE,NAME) values (12,'3022','Usuwanie planów koordynatora');
insert into EMSARCH.AC_PRIVILEGES (ID,CODE,NAME) values (13,'4022','Wysłanie planu do jednstki nardzędnej');
insert into EMSARCH.AC_PRIVILEGES (ID,CODE,NAME) values (14,'5022','Wycofanie wysłanego planu do jednstki nardzędnej');
insert into EMSARCH.AC_PRIVILEGES (ID,CODE,NAME) values (15,'1024','Odczyt planów koordynatora');
insert into EMSARCH.AC_PRIVILEGES (ID,CODE,NAME) values (16,'2024','Akceptacja pozycji planu koordynatora');
insert into EMSARCH.AC_PRIVILEGES (ID,CODE,NAME) values (17,'3024','Zatwierdzenie planu koordynatora');
insert into EMSARCH.AC_PRIVILEGES (ID,CODE,NAME) values (18,'1013','Odczyt planów koordynatora');
insert into EMSARCH.AC_PRIVILEGES (ID,CODE,NAME) values (19,'2013','Zatwierdzenie planu koordynatora');
insert into EMSARCH.AC_PRIVILEGES (ID,CODE,NAME) values (20,'1015','Odczyt planów koordynatora');
insert into EMSARCH.AC_PRIVILEGES (ID,CODE,NAME) values (21,'2015','Zatwierdzenie planu koordynatora Dyrektor pionu');
insert into EMSARCH.AC_PRIVILEGES (ID,CODE,NAME) values (22,'3015','Zatwierdzenie planu koordynatora Dyrektor naczelny');
--TODO Niewykozystywana opcja zatwierdzanie na poziomie planu instytucji
--insert into EMSARCH.AC_PRIVILEGES (ID,CODE,NAME) values (23,'4024','Wycofanie zatwierdzonego planu koordynatora');
insert into EMSARCH.AC_PRIVILEGES (ID,CODE,NAME) values (24,'1034','Odczyt planu instytucji');
insert into EMSARCH.AC_PRIVILEGES (ID,CODE,NAME) values (25,'2034','Akceptacja pozycji w planie instytucji');
insert into EMSARCH.AC_PRIVILEGES (ID,CODE,NAME) values (26,'3034','Zatwierdzenie planu instytucji');
insert into EMSARCH.AC_PRIVILEGES (ID,CODE,NAME) values (27,'4034','Wycofanie zatwierdzonego planu instytucji');
insert into EMSARCH.AC_PRIVILEGES (ID,CODE,NAME) values (28,'4015','Zgłaszanie uwag do pozycji planu Koordynatora');
insert into EMSARCH.AC_PRIVILEGES (ID,CODE,NAME) values (29,'1025','Odczyt planu instytucji');
insert into EMSARCH.AC_PRIVILEGES (ID,CODE,NAME) values (30,'2025','Zatwierdzenie planu instytucji');
insert into EMSARCH.AC_PRIVILEGES (ID,CODE,NAME) values (31,'3025','Wycofanie planu instytucji');
insert into EMSARCH.AC_PRIVILEGES (ID,CODE,NAME) values (32,'5015','Zatwierdzenie planu koordynatora Dyrektor Ekonmiczny');
insert into EMSARCH.AC_PRIVILEGES (ID,CODE,NAME) values (33,'6015','Wycofanie planu koordynatora');
insert into EMSARCH.AC_PRIVILEGES (ID,CODE,NAME) values (34,'1023','Odczyt planu instytucji');
insert into EMSARCH.AC_PRIVILEGES (ID,CODE,NAME) values (35,'2023','Akceptacja pozycji w planie instytucji');
insert into EMSARCH.AC_PRIVILEGES (ID,CODE,NAME) values (36,'3023','Zatwierdzenie planu instytucji');
insert into EMSARCH.AC_PRIVILEGES (ID,CODE,NAME) values (37,'4023','Wycofanie planu instytucji');
insert into EMSARCH.AC_PRIVILEGES (ID,CODE,NAME) values (38,'1032','Odczyt wniosków o udzielenie zamówienia publicznego');
insert into EMSARCH.AC_PRIVILEGES (ID,CODE,NAME) values (39,'2032','Modyfikacja wniosków o udzielenie zamówienia publicznego');
insert into EMSARCH.AC_PRIVILEGES (ID,CODE,NAME) values (40,'3032','Wysłanie wniosku o udzielenie zamówienia publicznego do jesnostki nadrzędnej');
insert into EMSARCH.AC_PRIVILEGES (ID,CODE,NAME) values (41,'4032','Wycofanie wysłanego wniosku o udzielenie zamówienia publicznego');
insert into EMSARCH.AC_PRIVILEGES (ID,CODE,NAME) values (42,'5032','Usuwanie wniosku o udzielenie zamówienia publicznego');
insert into EMSARCH.AC_PRIVILEGES (ID,CODE,NAME) values (43,'3113','Odczyt wniosków o udzielenie zamówienia publicznego');
insert into EMSARCH.AC_PRIVILEGES (ID,CODE,NAME) values (44,'4013','Akceptacja wniosku o udzielenie zamówienia publicznego');
insert into EMSARCH.AC_PRIVILEGES (ID,CODE,NAME) values (45,'5013','Wycofanie wniosku o udzielenie zamwienia publicznego do Koordynatora');
insert into EMSARCH.AC_PRIVILEGES (ID,CODE,NAME) values (46,'1124','Odczyt wniosków o udzielenie zamówienia publicznego');
insert into EMSARCH.AC_PRIVILEGES (ID,CODE,NAME) values (47,'2124','Akceptacja wniosku o udzielenie zamówienia publicznego');
insert into EMSARCH.AC_PRIVILEGES (ID,CODE,NAME) values (48,'3124','Wycofanie wniosku o udzielenie zamwienia publicznego do Koordynatora');
insert into EMSARCH.AC_PRIVILEGES (ID,CODE,NAME) values (49,'1115','Odczyt wniosków o udzielenie zamówienia publicznego');
insert into EMSARCH.AC_PRIVILEGES (ID,CODE,NAME) values (50,'2115','Akceptacja wniosku ZP Dyrektor pionu');
insert into EMSARCH.AC_PRIVILEGES (ID,CODE,NAME) values (51,'3115','Akceptacja wniosku ZP Dyrektor medyczny');
insert into EMSARCH.AC_PRIVILEGES (ID,CODE,NAME) values (52,'4115','Akceptacja wniosku ZP Dyrektor naczelny');
insert into EMSARCH.AC_PRIVILEGES (ID,CODE,NAME) values (53,'5115','Wycofanie wniosku o udzielenie zamwienia publicznego do Koordynatora');
insert into EMSARCH.AC_PRIVILEGES (ID,CODE,NAME) values (54,'4113','Zatwierdzenie realizacji wniosku o udzielenie zamwienia publicznego');
insert into EMSARCH.AC_PRIVILEGES (ID,CODE,NAME) values (55,'5113','Wycofanie realizacji wniosku o udzielenie zamwienia publicznego');
insert into EMSARCH.AC_PRIVILEGES (ID,CODE,NAME) values (56,'3013','Wycofanie planu koordynatora');
insert into EMSARCH.AC_PRIVILEGES (ID,CODE,NAME) values (57,'4024','Wycofanie planu koordynatora');
insert into EMSARCH.AC_PRIVILEGES (ID,CODE,NAME) values (58,'1142','Odczyt faktur');
insert into EMSARCH.AC_PRIVILEGES (ID,CODE,NAME) values (59,'2142','Modyfikacja faktury');
insert into EMSARCH.AC_PRIVILEGES (ID,CODE,NAME) values (60,'3142','Usuwanie faktury');
insert into EMSARCH.AC_PRIVILEGES (ID,CODE,NAME) values (61,'1242','Odczyt umów');
insert into EMSARCH.AC_PRIVILEGES (ID,CODE,NAME) values (62,'2242','Modyfikacja umowy');
insert into EMSARCH.AC_PRIVILEGES (ID,CODE,NAME) values (63,'3242','Usuwanie umowy');
insert into EMSARCH.AC_PRIVILEGES (ID,CODE,NAME) values (64,'1144','Odczyt umów koordynatorów');
insert into EMSARCH.AC_PRIVILEGES (ID,CODE,NAME) values (65,'1244','Odczyt faktur koordynatorów');
insert into EMSARCH.AC_PRIVILEGES (ID,CODE,NAME) values (66,'4025','Zatwierdzenie planu instytucji Dyrektor ekonomiczny');
insert into EMSARCH.AC_PRIVILEGES (ID,CODE,NAME) values (67,'1033','Dodawanie pozycji do słownika');
insert into EMSARCH.AC_PRIVILEGES (ID,CODE,NAME) values (68,'2033','Usuwanie pozycji ze słownika');
insert into EMSARCH.AC_PRIVILEGES (ID,CODE,NAME) values (69,'1117','Odczyt rejestrów');
insert into EMSARCH.AC_PRIVILEGES (ID,CODE,NAME) values (70,'2117','Modyfikacja rejestru / pozycji rejestru');
insert into EMSARCH.AC_PRIVILEGES (ID,CODE,NAME) values (71,'3117','Usuwanie pozycji rejestru');
insert into EMSARCH.AC_PRIVILEGES (ID,CODE,NAME) values (72,'1116','Odczyt słowników');
insert into EMSARCH.AC_PRIVILEGES (ID,CODE,NAME) values (73,'2116','Modyfikacja pozycji słownika');
insert into EMSARCH.AC_PRIVILEGES (ID,CODE,NAME) values (74,'3116','Usuwanie pozycji słownika');
insert into EMSARCH.AC_PRIVILEGES (ID,CODE,NAME) values (75,'1126','Odczyt pracowników');
insert into EMSARCH.AC_PRIVILEGES (ID,CODE,NAME) values (76,'2126','Modyfikacja danych pracownika');
insert into EMSARCH.AC_PRIVILEGES (ID,CODE,NAME) values (77,'3126','Usuwanie pracownika');
insert into EMSARCH.AC_PRIVILEGES (ID,CODE,NAME) values (78,'1118','Odczyt uprawnień pracowników');
insert into EMSARCH.AC_PRIVILEGES (ID,CODE,NAME) values (79,'2118','Modyfikacja uprawnień pracowników');
insert into EMSARCH.AC_PRIVILEGES (ID,CODE,NAME) values (80,'3118','Usuwanie uprawnień pracowników');
insert into EMSARCH.AC_PRIVILEGES (ID,CODE,NAME) values (81,'1128','Odczyt słowników');
insert into EMSARCH.AC_PRIVILEGES (ID,CODE,NAME) values (82,'2128','Modyfikacja pozycji słownika');
insert into EMSARCH.AC_PRIVILEGES (ID,CODE,NAME) values (83,'3128','Usuwanie pozycji słownika');
insert into EMSARCH.AC_PRIVILEGES (ID,CODE,NAME) values (84,'1138','Odczyt pozycji rejestrów');

REM INSERTING into EMSARCH.AC_OBJECTS
SET DEFINE OFF;
insert into EMSARCH.AC_OBJECTS (ID,domain_model_id,NAME,domain_model_class) values (1,5,'Moduł Wnioskodawca','MODULE');
insert into EMSARCH.AC_OBJECTS (ID,domain_model_id,NAME,domain_model_class) values (2,4,'Moduł Koordynator','MODULE');
insert into EMSARCH.AC_OBJECTS (ID,domain_model_id,NAME,domain_model_class) values (3,3,'Moduł Zamówienia Publiczne','MODULE');
insert into EMSARCH.AC_OBJECTS (ID,domain_model_id,NAME,domain_model_class) values (4,2,'Moduł Księgowy','MODULE');
insert into EMSARCH.AC_OBJECTS (ID,domain_model_id,NAME,domain_model_class) values (5,1,'Moduł Dyrektor','MODULE');
insert into EMSARCH.AC_OBJECTS (ID,domain_model_id,NAME,domain_model_class) values (6,6,'Moduł Kadry','MODULE');
insert into EMSARCH.AC_OBJECTS (ID,domain_model_id,NAME,domain_model_class) values (7,7,'Moduł IODO','MODULE');
insert into EMSARCH.AC_OBJECTS (ID,domain_model_id,NAME,domain_model_class) values (8,8,'Moduł ASI','MODULE');

REM INSERTING into EMSARCH.AC_OBJECT_PRIVILEGES
SET DEFINE OFF;
insert into EMSARCH.AC_OBJECT_PRIVILEGES (ac_object_id,ac_privilege_id) values (1,1);
insert into EMSARCH.AC_OBJECT_PRIVILEGES (ac_object_id,ac_privilege_id) values (2,1);
insert into EMSARCH.AC_OBJECT_PRIVILEGES (ac_object_id,ac_privilege_id) values (3,1);
insert into EMSARCH.AC_OBJECT_PRIVILEGES (ac_object_id,ac_privilege_id) values (4,1);
insert into EMSARCH.AC_OBJECT_PRIVILEGES (ac_object_id,ac_privilege_id) values (5,1);
insert into EMSARCH.AC_OBJECT_PRIVILEGES (ac_object_id,ac_privilege_id) values (1,2);
insert into EMSARCH.AC_OBJECT_PRIVILEGES (ac_object_id,ac_privilege_id) values (1,3);
insert into EMSARCH.AC_OBJECT_PRIVILEGES (ac_object_id,ac_privilege_id) values (1,4);
insert into EMSARCH.AC_OBJECT_PRIVILEGES (ac_object_id,ac_privilege_id) values (1,5);
insert into EMSARCH.AC_OBJECT_PRIVILEGES (ac_object_id,ac_privilege_id) values (1,6);
insert into EMSARCH.AC_OBJECT_PRIVILEGES (ac_object_id,ac_privilege_id) values (4,7);
insert into EMSARCH.AC_OBJECT_PRIVILEGES (ac_object_id,ac_privilege_id) values (4,8);
insert into EMSARCH.AC_OBJECT_PRIVILEGES (ac_object_id,ac_privilege_id) values (4,9);
insert into EMSARCH.AC_OBJECT_PRIVILEGES (ac_object_id,ac_privilege_id) values (4,15);
insert into EMSARCH.AC_OBJECT_PRIVILEGES (ac_object_id,ac_privilege_id) values (4,16);
--TODO Niewykozystywana opcja zatwierdzanie na poziomie planu instytucji
insert into EMSARCH.AC_OBJECT_PRIVILEGES (ac_object_id,ac_privilege_id) values (4,17);
insert into EMSARCH.AC_OBJECT_PRIVILEGES (ac_object_id,ac_privilege_id) values (2,10);
insert into EMSARCH.AC_OBJECT_PRIVILEGES (ac_object_id,ac_privilege_id) values (2,11);
insert into EMSARCH.AC_OBJECT_PRIVILEGES (ac_object_id,ac_privilege_id) values (2,12);
insert into EMSARCH.AC_OBJECT_PRIVILEGES (ac_object_id,ac_privilege_id) values (2,13);
insert into EMSARCH.AC_OBJECT_PRIVILEGES (ac_object_id,ac_privilege_id) values (2,14);
insert into EMSARCH.AC_OBJECT_PRIVILEGES (ac_object_id,ac_privilege_id) values (3,18);
insert into EMSARCH.AC_OBJECT_PRIVILEGES (ac_object_id,ac_privilege_id) values (3,19);
insert into EMSARCH.AC_OBJECT_PRIVILEGES (ac_object_id,ac_privilege_id) values (5,20);
insert into EMSARCH.AC_OBJECT_PRIVILEGES (ac_object_id,ac_privilege_id) values (5,21);
insert into EMSARCH.AC_OBJECT_PRIVILEGES (ac_object_id,ac_privilege_id) values (5,22);
--TODO Niewykozystywana opcja zatwierdzanie na poziomie planu instytucji
--insert into EMSARCH.AC_OBJECT_PRIVILEGES (ac_object_id,ac_privilege_id) values (4,23);
insert into EMSARCH.AC_OBJECT_PRIVILEGES (ac_object_id,ac_privilege_id) values (4,24);
insert into EMSARCH.AC_OBJECT_PRIVILEGES (ac_object_id,ac_privilege_id) values (4,25);
insert into EMSARCH.AC_OBJECT_PRIVILEGES (ac_object_id,ac_privilege_id) values (4,26);
insert into EMSARCH.AC_OBJECT_PRIVILEGES (ac_object_id,ac_privilege_id) values (4,27);
insert into EMSARCH.AC_OBJECT_PRIVILEGES (ac_object_id,ac_privilege_id) values (5,28);
insert into EMSARCH.AC_OBJECT_PRIVILEGES (ac_object_id,ac_privilege_id) values (5,29);
insert into EMSARCH.AC_OBJECT_PRIVILEGES (ac_object_id,ac_privilege_id) values (5,30);
insert into EMSARCH.AC_OBJECT_PRIVILEGES (ac_object_id,ac_privilege_id) values (5,31);
insert into EMSARCH.AC_OBJECT_PRIVILEGES (ac_object_id,ac_privilege_id) values (5,32);
insert into EMSARCH.AC_OBJECT_PRIVILEGES (ac_object_id,ac_privilege_id) values (5,33);
insert into EMSARCH.AC_OBJECT_PRIVILEGES (ac_object_id,ac_privilege_id) values (3,34);
insert into EMSARCH.AC_OBJECT_PRIVILEGES (ac_object_id,ac_privilege_id) values (3,35);
insert into EMSARCH.AC_OBJECT_PRIVILEGES (ac_object_id,ac_privilege_id) values (3,36);
insert into EMSARCH.AC_OBJECT_PRIVILEGES (ac_object_id,ac_privilege_id) values (3,37);
insert into EMSARCH.AC_OBJECT_PRIVILEGES (ac_object_id,ac_privilege_id) values (2,38);
insert into EMSARCH.AC_OBJECT_PRIVILEGES (ac_object_id,ac_privilege_id) values (2,39);
insert into EMSARCH.AC_OBJECT_PRIVILEGES (ac_object_id,ac_privilege_id) values (2,40);
insert into EMSARCH.AC_OBJECT_PRIVILEGES (ac_object_id,ac_privilege_id) values (2,41);
insert into EMSARCH.AC_OBJECT_PRIVILEGES (ac_object_id,ac_privilege_id) values (2,42);
insert into EMSARCH.AC_OBJECT_PRIVILEGES (ac_object_id,ac_privilege_id) values (3,43);
insert into EMSARCH.AC_OBJECT_PRIVILEGES (ac_object_id,ac_privilege_id) values (3,44);
insert into EMSARCH.AC_OBJECT_PRIVILEGES (ac_object_id,ac_privilege_id) values (3,45);
insert into EMSARCH.AC_OBJECT_PRIVILEGES (ac_object_id,ac_privilege_id) values (4,46);
insert into EMSARCH.AC_OBJECT_PRIVILEGES (ac_object_id,ac_privilege_id) values (4,47);
insert into EMSARCH.AC_OBJECT_PRIVILEGES (ac_object_id,ac_privilege_id) values (4,48);
insert into EMSARCH.AC_OBJECT_PRIVILEGES (ac_object_id,ac_privilege_id) values (5,49);
insert into EMSARCH.AC_OBJECT_PRIVILEGES (ac_object_id,ac_privilege_id) values (5,50);
insert into EMSARCH.AC_OBJECT_PRIVILEGES (ac_object_id,ac_privilege_id) values (5,51);
insert into EMSARCH.AC_OBJECT_PRIVILEGES (ac_object_id,ac_privilege_id) values (5,52);
insert into EMSARCH.AC_OBJECT_PRIVILEGES (ac_object_id,ac_privilege_id) values (5,53);
insert into EMSARCH.AC_OBJECT_PRIVILEGES (ac_object_id,ac_privilege_id) values (3,54);
insert into EMSARCH.AC_OBJECT_PRIVILEGES (ac_object_id,ac_privilege_id) values (3,55);
insert into EMSARCH.AC_OBJECT_PRIVILEGES (ac_object_id,ac_privilege_id) values (3,56);
insert into EMSARCH.AC_OBJECT_PRIVILEGES (ac_object_id,ac_privilege_id) values (4,57);
insert into EMSARCH.AC_OBJECT_PRIVILEGES (ac_object_id,ac_privilege_id) values (2,58);
insert into EMSARCH.AC_OBJECT_PRIVILEGES (ac_object_id,ac_privilege_id) values (2,59);
insert into EMSARCH.AC_OBJECT_PRIVILEGES (ac_object_id,ac_privilege_id) values (2,60);
insert into EMSARCH.AC_OBJECT_PRIVILEGES (ac_object_id,ac_privilege_id) values (2,61);
insert into EMSARCH.AC_OBJECT_PRIVILEGES (ac_object_id,ac_privilege_id) values (2,62);
insert into EMSARCH.AC_OBJECT_PRIVILEGES (ac_object_id,ac_privilege_id) values (2,63);
insert into EMSARCH.AC_OBJECT_PRIVILEGES (ac_object_id,ac_privilege_id) values (4,64);
insert into EMSARCH.AC_OBJECT_PRIVILEGES (ac_object_id,ac_privilege_id) values (4,65);
insert into EMSARCH.AC_OBJECT_PRIVILEGES (ac_object_id,ac_privilege_id) values (5,66);
insert into EMSARCH.AC_OBJECT_PRIVILEGES (ac_object_id,ac_privilege_id) values (7,1);
insert into EMSARCH.AC_OBJECT_PRIVILEGES (ac_object_id,ac_privilege_id) values (3,67);
insert into EMSARCH.AC_OBJECT_PRIVILEGES (ac_object_id,ac_privilege_id) values (3,68);
insert into EMSARCH.AC_OBJECT_PRIVILEGES (ac_object_id,ac_privilege_id) values (7,69);
insert into EMSARCH.AC_OBJECT_PRIVILEGES (ac_object_id,ac_privilege_id) values (6,1);
insert into EMSARCH.AC_OBJECT_PRIVILEGES (ac_object_id,ac_privilege_id) values (6,72);
insert into EMSARCH.AC_OBJECT_PRIVILEGES (ac_object_id,ac_privilege_id) values (6,73);
insert into EMSARCH.AC_OBJECT_PRIVILEGES (ac_object_id,ac_privilege_id) values (6,74);
insert into EMSARCH.AC_OBJECT_PRIVILEGES (ac_object_id,ac_privilege_id) values (6,75);
insert into EMSARCH.AC_OBJECT_PRIVILEGES (ac_object_id,ac_privilege_id) values (6,76);
insert into EMSARCH.AC_OBJECT_PRIVILEGES (ac_object_id,ac_privilege_id) values (6,77);
insert into EMSARCH.AC_OBJECT_PRIVILEGES (ac_object_id,ac_privilege_id) values (8,1);
insert into EMSARCH.AC_OBJECT_PRIVILEGES (ac_object_id,ac_privilege_id) values (8,78);
insert into EMSARCH.AC_OBJECT_PRIVILEGES (ac_object_id,ac_privilege_id) values (8,79);
insert into EMSARCH.AC_OBJECT_PRIVILEGES (ac_object_id,ac_privilege_id) values (8,80);
insert into EMSARCH.AC_OBJECT_PRIVILEGES (ac_object_id,ac_privilege_id) values (8,81);
insert into EMSARCH.AC_OBJECT_PRIVILEGES (ac_object_id,ac_privilege_id) values (8,82);
insert into EMSARCH.AC_OBJECT_PRIVILEGES (ac_object_id,ac_privilege_id) values (8,83);
insert into EMSARCH.AC_OBJECT_PRIVILEGES (ac_object_id,ac_privilege_id) values (8,84);